title;link;snippet
Memorándum 90-Inicial. Segunda Jornada Regional Remunerada ...;https://www.mendoza.edu.ar/memorandum-90-inicial-segunda-jornada-regional-remunerada-plan-provincial-mmam-2025/;24 sept 2025 ... Boletín oficial de Mendoza · Normativa de Argentina. Memorándum 90-Inicial. Segunda Jornada Regional Remunerada Plan Provincial MMAM (2025) ...
JORNADA DE SEGUROS A+C MENDOZA 2025 Entradas, Mie, 24 ...;https://www.eventbrite.com.ar/e/jornada-de-seguros-ac-mendoza-2025-tickets-1610259823479;Eventbrite - Grupo Sol Comunicaciones presenta JORNADA DE SEGUROS A+C MENDOZA 2025 - Miércoles, 24 de septiembre de 2025 en Hilton Mendoza Hotel, ...
Memorándum 163-Dir.Planificación.Nómina de inscriptos a las ...;https://www.mendoza.edu.ar/memorandum-163-dir-planificacion-nomina-de-inscriptos-a-las-jornadas-del-plan-provincial-mendoza-mejora-aprendiendo-matematica-2025/;4 sept 2025 ... Nómina de inscriptos a las Jornadas Mendoza mejora aprendiendo Matemática (2025). Descripción. Dirigido a: ○ Dirección de Educación Especial ...
Llegó la última jornada del Comecoco 2025 en el Le Parc ...;https://www.mendoza.edu.ar/llego-la-ultima-jornada-del-comecoco-2025-en-el-le-parc/;14 sept 2025 ... Ayer concluyó Comecoco 2025, el mayor encuentro de industrias creativas de Mendoza, que celebró su sexta edición en el Espacio Cultural ...
Memorándum 171-Dir. Planificación. 4° Jornadas Regionales de ...;https://www.mendoza.edu.ar/memorandum-171-sub-planificacion-4-jornadas-regionales-de-matematica-nivel-primario-eje-estadistica-y-probabilidad-2025/;18 sept 2025 ... Boletín oficial de Mendoza · Normativa de ... 4° Jornadas Regionales de Matemática Nivel Primario, Eje: Estadística y Probabilidad (2025) ...
Memorándum 166-Dir. Planificación.4tas jornadas regionales ...;https://www.mendoza.edu.ar/memorandum-166-dir-planificacion-4tas-jornadas-regionales-remuneradas-de-matematica-de-nivel-primario/;10 sept 2025 ... Boletín oficial de Mendoza · Normativa de Argentina · Leyes ... 4tas jornadas regionales remuneradas de Matemática de Nivel Primario (2025) ...
Memorándum 168-Dir. Planificación.Jornadas Remuneradas Zona ...;https://www.mendoza.edu.ar/memorandum-168-dir-planificacion-jornadas-remuneradas-zona-este-stem-2025/;15 sept 2025 ... Boletín oficial de Mendoza · Normativa de Argentina. Memorándum 168-Dir. Planificación.Jornadas Remuneradas Zona Este STEM (2025). Descripción.
La Universidad de Mendoza será sede de las II Jornadas ...;https://um.edu.ar/noticias/la-universidad-de-mendoza-sera-sede-de-las-ii-jornadas-odontologicas-universitarias-del-crup/;La Universidad de Mendoza será sede de las II Jornadas Odontológicas Universitarias del CRUP. 12 septiembre, 2025. La Universidad de Mendoza será sede de ...
Comienzan las inscripciones a las Segundas Jornadas ...;https://www.mendoza.edu.ar/comienzan-las-inscripciones-a-las-segundas-jornadas-remuneradas-de-matematica-para-nivel-inicial/;24 sept 2025 ... En el marco del Plan Provincial Mendoza Mejora Aprendiendo Matemática ... Segunda Jornada Regional Remunerada Plan Provincial MMAM (2025).
Memorándum 181-Planificación. Convocatoria a Trayecto Formativo ...;https://www.mendoza.edu.ar/memorandum-181-planificacion-convocatoria-a-trayecto-formativo-docente-2025-jornadas-remuneradas-valle-de-uco-2025/;30 sept 2025 ... Boletín oficial de Mendoza · Normativa de ... Convocatoria a Trayecto Formativo docente 2025, Jornadas Remuneradas Valle de Uco (2025) ...
Jornadas de Investigación en Salud 2025: colaboración y ...;https://um.edu.ar/noticias/jornadas-de-investigacion-en-salud-2025-colaboracion-y-multidisciplinariedad-en-la-universidad-de-mendoza/;8 sept 2025 ... Con este espíritu, la Universidad de Mendoza reafirma su compromiso con la excelencia académica y el desarrollo científico de la región.
Memorándum 167-Dir. Planificación. Apertura de inscripción para ...;https://www.mendoza.edu.ar/memorandum-167-dir-planificacion-apertura-de-inscripcion-para-las-jornadas-de-alfabetizacion-2025/;10 sept 2025 ... Boletín oficial de Mendoza · Normativa de Argentina · Leyes · Resoluciones ... Apertura de inscripción para las jornadas de Alfabetización (2025) ...
Lavalle será sede de la 28ª edición de la Expo Apícola 2025 ...;https://www.mendoza.gov.ar/prensa/lavalle-sera-sede-de-la-28-edicion-de-la-expo-apicola-2025/;1 sept 2025 ... También se podrá disfrutar en la jornada ... 17: charla “Cooperativismo apícola en Mendoza y Argentina: presente y futuro”, por Juan Ramiro ( ...
Consejo Profesional de Ciencias Económicas de Mendoza ...;https://cpcemza.org.ar/A6129_primera-jornada-de-transicion-energetica-en-la-uncuyo;El CPCE invita a participar de la Primera Jornada de Transición Energética de la medición de la huella de carbono a la acción de descarbonización sostenible ...
Más de 7 mil personas vibraron con Kapanga en la primera jornada ...;https://lujandecuyo.gob.ar/2025/09/22/mas-de-7-mil-personas-vibraron-con-kapanga-en-la-primera-jornada-del-vivo-lujan-2025/;22 Sep 2025. El festival juvenil más convocante de Mendoza volvió a encender la primavera en el Multiespacio Cultural Luján de Cuyo.
Un estudiante de San Rafael se quedó con el primer puesto en la ...;https://www.mendoza.gov.ar/prensa/un-estudiante-de-san-rafael-se-quedo-con-el-primer-puesto-en-la-final-de-la-pisaton-2025/;1 sept 2025 ... La jornada reunió a docentes, directivos y familiares, consolidando así ... La Pisatón Mendoza 2025 se consolidó así como una propuesta ...
Jornadas de Investigación en Salud 2025: UM abre sus puertas al ...;https://um.edu.ar/noticias/jornadas-de-investigacion-en-salud-y-medicina-um-abre-sus-puertas-al-intercambio-academico/;3 sept 2025 ... La Universidad de Mendoza (UM) invita a participar de las Jornadas de Investigación de la Facultad de Ciencias de la Salud (FCS) y de la ...
AMBIENTE : Prensa Gobierno de Mendoza;https://www.mendoza.gov.ar/prensa/energia-y-ambiente/ambiente/;ENERGÍA Y AMBIENTE 1 DE SEPTIEMBRE, 2025. Luego de ese histórico procedimiento, que se desarrolló durante diez jornadas consecutivas, se abrió el período ...
El ... - Consejo Profesional de Ciencias Económicas de Mendoza;https://cpcemza.org.ar/A6132_el-tribunal-de-etica-del-cpce-mendoza-visito-san-rafael-en-una-jornada-de-fortalecimiento-institucional-y-profesional;El Tribunal de Ética del CPCE Mendoza visitó San Rafael en una jornada de fortalecimiento institucional y profesional ... 10 de Setiembre de 2025. CPCE. El ...
Geografía y formación ciudadana. Temas, problemas y debates ...;https://ffyl.uncuyo.edu.ar/cursos/item/geografia-y-formacion-ciudadana-temas-problemas-y-debates-sobre-el-futuro-de-la-organizacion-territorial-de-mendoza;"Segundo Conversatorio: martes, 15 de abril de 2025. Aula C-12 de la FFyL de la UNCUYO. Tema: “Proyecto Código de Aguas de Mendoza"". Moderador: Prof. Marcelo ..."
10 septiembre, 2025 – mendoza.edu.ar;https://www.mendoza.edu.ar/2025/09/10/;10 sept 2025 ... Apertura de inscripción para las jornadas de Alfabetización (2025). Dirigido a: ○ Dirección de Educación Primaria ○ Dirección de Educación ...
DGE : Prensa Gobierno de Mendoza;https://www.mendoza.gov.ar/prensa/educacion-cultura-infancias-dge/dge/;La importancia de completar los niveles educativos se pondrá en valor del 8 al 12 de setiembre de 2025. La... Estudiantes participaron en la Expo y Foro 2025 ...
Energía Joven 2025: escuelas del Sur de Mendoza recibieron kits ...;https://www.mendoza.gov.ar/prensa/energia-joven-2025-escuelas-del-sur-de-mendoza-recibieron-kits-de-trabajo-para-practicas-aulicas/;"3 sept 2025 ... Durante la jornada estuvieron la subsecretaria de Educación de la Dirección General de Escuelas, Claudia Ferrari; la coordinadora de ..."
V Jornada de Derecho Humano a la Paz - Universidad de Mendoza;https://um.edu.ar/noticias/v-jornada-de-derecho-humano-a-la-paz/;19 sept 2025 ... La Facultad de Ciencias Jurídicas y Sociales de la UM auspicia esta Jornada que será el lunes 22 de septiembre de 2025, de 18 a 19.30 h, en ...
15 septiembre, 2025 – mendoza.edu.ar;https://www.mendoza.edu.ar/2025/09/15/;15 sept 2025 ... En el marco de “Deporte para todos”, la comunidad educativa de Jóvenes y Adultos se reunió para disfrutar de una jornada de deporte, música, ...
30 septiembre, 2025 – mendoza.edu.ar;https://www.mendoza.edu.ar/2025/09/30/;30 sept 2025 ... Escuelas de San Martín, Junín y San Rafael participaron de una jornada literaria. En el marco de la Feria Provincial del Libro Mendoza 2025, ...
Luck Ra cerró el Vivo Luján 2025 ante más de 10 mil personas ...;https://lujandecuyo.gob.ar/2025/09/22/luck-ra-cerro-el-vivo-lujan-2025-ante-mas-de-10-mil-personas/;22 sept 2025 ... ... jornada del Vivo Luján 2025, que reunió a la familia lujanina y ... Mendoza. Con dos jornadas multitudinarias y más de 17 mil ...
La Facultad de Ciencias Económicas lanza las Primeras Jornadas ...;https://um.edu.ar/noticias/la-facultad-de-ciencias-economicas-lanza-las-primeras-jornadas-proyeccion-fce-para-impulsar-el-futuro-profesional/;23 sept 2025 ... El evento se realizará los días 24 y 25 de septiembre en la Sede Central de la Universidad de Mendoza y será retransmitido en modalidad virtual ...
Encuentro para visibilizar la ELA: saberes compartidos y ...;https://fcm.uncuyo.edu.ar/encuentro-para-visibilizar-la-ela-saberes-compartidos-y-compromiso-en-salud-publica;Será el 12 de septiembre de 15 a 20h en el auditorio del Hospital Universitario. La jornada gratuita está dirigida a estudiantes, profesionales de la salud, ...
14 septiembre, 2025 – mendoza.edu.ar;https://www.mendoza.edu.ar/2025/09/14/;14 sept 2025 ... Más de 50 estudiantes de la Escuela 4-095 Islas Malvinas de San Rafael participaron de una salida educativa interdisciplinaria que unió la ...
Undercode Day 2025: La expo de cultura digital vuelve al Espacio ...;https://www.godoycruz.gob.ar/undercode-day-2025-la-expo-cultura-digital-vuelve-al-espacio-arizu/;1 sept 2025 ... Charlas con especialistas, hackathons, espacios interactivos, videojuegos, foodtrucks y música en vivo formarán parte de una doble jornada ...
PRIMAVERA EN EL PARQUE 2025 YA TIENE GRILLA: EUGE ...;https://www.sanrafael.gov.ar/primavera-en-el-parque-2025-ya-tiene-grilla-euge-quevedo-y-el-zar-cerraran-dos-jornadas-imperdibles/;8 sept 2025 ... El festival musical más esperado del año viene con una edición recargada para este 2025 con dos jornadas a pura música y fiesta al aire libre.
Godoy Cruz se pone a la vanguardia global en el debate sobre ...;https://www.godoycruz.gob.ar/godoy-cruz-sera-sede-del-evento-gran-mendoza-resiliente-al-calor-urbano-organizado-cippec/;Este 1 de octubre, el municipio se convertirá en un punto de referencia global al albergar la jornada “Gran Mendoza Resiliente al Calor Urbano”, ...
Bajo la lluvia y la nieve, Mendoza escribió una página épica del ...;https://www.mendoza.gov.ar/prensa/bajo-la-lluvia-y-la-nieve-mendoza-escribio-una-pagina-epica-del-rally-mtb-argentino/;2 DE SEPTIEMBRE, 2025. La montaña mendocina fue testigo de una jornada histórica en la que las condiciones climáticas pusieron a prueba a los mejores ...
Consejo Profesional de Ciencias Económicas de Mendoza ...;https://cpcemza.org.ar/C1018_mendoza-finance-prep-workshop;23 sept 2025 ... 23 de Setiembre de 2025. Este workshop forma parte de las ... Esta jornada de trabajomarca el inicio del camino hacia el Finance ...
Desarrollarán el 14° Congreso de Educación Integral : Prensa ...;https://www.mendoza.gov.ar/prensa/se-desarrollara-el-14-congreso-de-educacion-integral/;1 sept 2025 ... Prensa Gobierno de Mendoza · EDUCACIÓN · CULTURA · INFANCIAS · DGE ... La jornada tendrá como tema central los desafíos de la formación y ...
29 septiembre, 2025 – mendoza.edu.ar;https://www.mendoza.edu.ar/2025/09/29/;29 sept 2025 ... La Dirección General de Escuelas participó del Encuentro Federal: Transformación de la Escuela Secundaria, una jornada educativa a nivel […] Un ...
SALUD Y DEPORTES : Prensa Gobierno de Mendoza;https://www.mendoza.gov.ar/prensa/salud-y-deportes/;Salud continuará con las acciones para abordar de manera integral el dengue · NOTICIA DESTACADA 3 DE SEPTIEMBRE, 2025. Luego de los alentadores resultados ...
La UM otorga Aval Académico a las «Jornadas Mendocinas de ...;https://um.edu.ar/noticias/la-um-otorga-aval-academico-a-las-jornadas-mendocinas-de-analgosedacion/;"22 sept 2025 ... La Universidad de Mendoza (UM) se complace en anunciar que, mediante la Resolución de Decano Nº 55/2025, ha otorgado aval académico a las """
Dirección de Educación Permanente de Jóvenes y Adultos ...;https://www.mendoza.edu.ar/subsecretaria-de-educacion/direccion-de-educ-permanente-de-jovenes-y-adultos/;depjasecretaria@mendoza.edu.ar. Imagen de Prof. Erico Ramiro Arias. Prof ... 18 noviembre, 2025. CENTROS DE ESTUDIANTES 5 · Becas Progresar: adjudicados 1 ...
Escuelas de la UNCUYO: dónde le toca a cada estudiante la ...;https://www.uncuyo.edu.ar/academica/escuelas-de-la-uncuyo-donde-le-toca-a-cada-estudiante-la-jornada-presencial-obligatoria-y-los-examenes;La Universidad Nacional de Cuyo informa a qué escuela debe asistir cada uno de los aspirantes a ingresar a primer año para la jornada presencial obligatoria ...
22 septiembre, 2025 – mendoza.edu.ar;https://www.mendoza.edu.ar/2025/09/22/;Día: 22 de septiembre de 2025. Estudiantes se ... º grado de la Escuela 1-297 Daniel Bustelo, de Colonia Elena (San Rafael), participaron de una jornada de capacitación a cargo de nutricionistas del Programa Nutrir.
Arranca la Feria del Libro de Mendoza 2025 y esta es la ...;https://www.diariouno.com.ar/sociedad/programacion-la-primera-jornada-la-feria-del-libro-mendoza-2025-n1480613;24 sept 2025 ... Para este jueves está previsto el comienzo de la Feria del Libro 2025. En la jornada de apertura se destaca la presencia de Eduardo Sacheri.
Facultad de psicologia y psicopedagogia - UCA;https://uca.edu.ar/es/facultades/facultad-de-psicologia-y-psicopedagogia;¡Bienvenidos Ingresantes 2025! Jornada Anual de Doctorado 2025 · Fortaleciendo ... C.A.B.A.. Mendoza Uruguay 750, (M550AYH). Godoy Cruz, Mendoza Paraná
La Fundación Argentina de Nanotecnología visitará la UNCUYO ...;https://www.uncuyo.edu.ar/ciencia_tecnica_y_posgrado/fanuncuyo2025;18 sept 2025 ... ... Mendoza y la región ... La Fundación Argentina de Nanotecnología visitará la UNCUYO para una jornada abierta de networking.
Este fin de semana será la segunda edición de “Dulce café en el ...;https://www.mendoza.gov.ar/prensa/este-fin-de-semana-tendra-lugar-la-segunda-edicion-de-dulce-cafe-en-el-lago-del-parque/;3 sept 2025 ... La Subsecretaría de Cultura de Mendoza, junto a Bruno Brown Café de ... Además, al finalizar cada jornada habrá una banda en vivo de música ...
El Parque San Vicente se prepara para tres días de festival: llega ...;https://www.godoycruz.gob.ar/parque-san-vicente-se-prepara-tres-dias-festival-llega-amegam-2025/;25 sept 2025 ... Esta edición contará con la presencia de Los Playeros y Fidel Nadal como broche de oro. Serán tres jornadas de bandas en vivo, juegos y un ...
San Juan: Jornada sobre Acompañamiento Terapéutico ...;https://www.ucongreso.edu.ar/san-juan-jornada-sobre-acompanamiento-terapeutico/;15 sept 2025 ... Mendoza: Último Encuentro del GAP 2025. La Universidad de Congreso, a través de la Facultad de Ciencias de la Salud, invita a la comunidad ...
Se acordó el traslado del Día del Empleado de Comercio 2025;https://www.cac.com.ar/noticias/se-acordo-el-traslado-del-dia-del-empleado-de-comercio-2025;1 sept 2025 ... ... jornada. El lunes 29 los empleados mercantiles tendrán la opción de prestar o no servicios laborales durante la jornada, con todos los ...
Extensión - Facultad de Filosofía y Letras;https://ffyl.uncuyo.edu.ar/categorias/index/extension;Esta actividad, destinada al Personal No Docente de la FFyL, tendrá lugar el martes 2 de diciembre de 2025 en la FFyL d ... imagen La SEU abre la convocatoria ...
Estudiantes de Arquitectura fueron galardonadas en el Premio ...;https://ingenieria.uncuyo.edu.ar/estudiantes-de-arquitectura-fueron-galardonadas-en-el-premio-edificar-2025;... por la Red Edificar junto al Colegio de Arquitectos de Mendoza. 12 de septiembre de 2025 Fuente: Mundo Club House. Compartir ... Una jornada de ...
Cursos, jornadas y eventos - Facultad de Ciencias Económicas;https://fce.uncuyo.edu.ar/cursos;"INGLÉS PARA NEGOCIOS 2° CUATRIMESTRE 2025 · Inicio: Ago 25, 2025 ; Curso Analítica de Datos para la Toma de Decisiones 2da Edición · Inicio: Sep 9, 2025 ; Diplomado ..."
Cursos, jornadas y eventos - Facultad de Filosofía y Letras;https://ffyl.uncuyo.edu.ar/cursos;Herramientas lingüísticas para el estudio de las lenguas huarpes: allentiac y millcayac. Curso Presencial. Inicio: Sep 15, 2025 ... Mendoza, Argentina. Tel: +54 ...
El tiempo en Mendoza para este miércoles: volvió el frío y hay que ...;https://www.elsol.com.ar/mendoza/el-tiempo-en-mendoza-para-este-miercoles-volvio-el-frio-y-hay-que-sacar-los-abrigos/;3 sept 2025 ... La temperatura máxima para este miércoles tendrá una disminución respecto de días previos: se estima que llegará a los 14 grados centígrados ...
Cursos, jornadas y eventos - Facultad de Derecho;https://derecho.uncuyo.edu.ar/cursos;Inicio: Sep 4, 2025. No se encuentran resultados con esos términos buscados. 1. Facultad de Derecho. » Centro Universitario » M5500JMA. Mendoza, Argentina. Tel ...
Horóscopo Archivos | Diario El Sol Mendoza;https://www.elsol.com.ar/tag/horoscopo-2/;Horóscopo del viernes: el signo que tendrá una jornada laboral difícil. Foto del avatar por El Sol septiembre 12, 2025 8:25 am septiembre 12, 2025 8:25 am ...
RETOS TECNOLÓGICOS: Convocatoria de proyectos de ...;https://www.uncuyo.edu.ar/vinculacion/upload/44c9f6444a9f90eaf6dc228ed2182d77.pdf;jornada de presentación de las experiencias desarrolladas. El propósito de ... Mendoza pueda constituirse como la primera provincia climáticamente neutra.
Memorándum 245-Primaria. Sexto Encuentro de Formación ...;https://www.mendoza.edu.ar/memorandum-245-primaria-sexto-encuentro-de-formacion-lideres-de-asistencia-2025/;26 sept 2025 ... Boletín oficial de Mendoza · Normativa de Argentina. Memorándum 245-Primaria. Sexto Encuentro de Formación – Líderes de Asistencia (2025) ...
Memorándum 234-Primaria. Segundo Encuentro Formativo ...;https://www.mendoza.edu.ar/memorandum-234-primaria-segundo-encuentro-formativo-programa-queremos-aprender-2025/;16 sept 2025 ... Boletín oficial de Mendoza · Normativa de Argentina. Memorándum 234-Primaria. Segundo Encuentro Formativo- Programa «Queremos Aprender» (2025) ...
Encuentro Regional de FAUATS - Región Cuyo - Facultad de ...;https://fcp.uncuyo.edu.ar/encuentro-regional-de-fauats-region-cuyo;3° Circular. Consultas: fauatsregioncuyo@gmail.com. Fecha. Sep 5, 2025. Hora. 08:30. Lugar. Ciudad Universitaria - UNCuyo, Mendoza. Agendar · Ver agenda ...
Mendoza se prepara para la 2° Edición del Encuentro Provincial de ...;https://www.mendoza.edu.ar/mendoza-se-prepara-para-la-2-edicion-del-encuentro-provincial-de-teatro-breve/;9 sept 2025 ... El evento propone un espacio de intercambio entre estudiantes, docentes y la comunidad, con obras breves que recuperan historias, mitos, ...
Memorándum 249-Primaria.Nómina de asistencia Segundo ...;https://www.mendoza.edu.ar/memorandum-249-primaria-nomina-de-asistencia-segundo-encuentro-presencial-propuesta-formativa-de-alfabetizacion/;29 sept 2025 ... Boletín oficial de Mendoza · Normativa de ... Nómina de asistencia Segundo Encuentro Presencial Propuesta Formativa de Alfabetización (2025) ...
Memorándum 231-Primaria.Nómina de asistencia Primer Encuentro ...;https://www.mendoza.edu.ar/memorandum-231-primaria-nomina-de-asistencia-primer-encuentro-presencial-propuesta-formativa-de-alfabetizacion/;29 sept 2025 ... Boletín oficial de Mendoza · Normativa de ... Nómina de asistencia Primer Encuentro Presencial Propuesta Formativa de Alfabetización (2025) ...
Memorándum 165-Dir. Planificación. Primer encuentro virtual por ...;https://www.mendoza.edu.ar/memorandum-165-dir-planificacion-primer-encuentro-virtual-por-zoom-conciencia-ambiental-2015/;9 sept 2025 ... Boletín oficial de Mendoza · Normativa de Argentina · Leyes · Resoluciones ... Primer encuentro virtual por Zoom – Conciencia Ambiental (2025) ...
Vinexpo Explorer Mendoza 2025: Luján de Cuyo lidera con más de ...;https://lujandecuyo.gob.ar/2025/09/24/vinexpo-explorer-mendoza-2025-lujan-de-cuyo-lidera-con-mas-de-40-bodegas-en-un-hito-historico-para-la-industria-del-vino/;24 sept 2025 ... Mendoza se convierte en el epicentro mundial del vino con la llegada de Vinexpo Explorer 2025, uno de los encuentros más prestigiosos de la ...
Se acerca la sexta edición de Comecoco - Gobierno de Mendoza;https://www.mendoza.gov.ar/prensa/se-acerca-la-sexta-edicion-de-comococo/;1 DE SEPTIEMBRE, 2025. El Encuentro de Industrias Creativas de Mendoza será desde el miércoles 10 hasta el sábado 13 de setiembre en el Espacio Cultural ...
Memorándum 250-Primaria.Rectificación calendario Encuentros de ...;https://www.mendoza.edu.ar/memorandum-250-primaria-rectificacion-calendario-encuentros-de-propuesta-formativa-en-alfabetizacion-2025/;29 sept 2025 ... Boletín oficial de Mendoza · Normativa de Argentina ... Rectificación calendario Encuentros de Propuesta Formativa en Alfabetización (2025) ...
Mendoza participó de la XXXIII Edición del Congreso Internacional y ...;https://www.mendoza.edu.ar/mendoza-participo-de-la-xxxiii-edicion-del-congreso-internacional-y-encuentro-nacional-de-supervisores-docentes/;Mendoza participó de la XXXIII Edición del Congreso Internacional y Encuentro Nacional de Supervisores Docentes. 15/09/2025. Bajo el lema “Interperlando la ...
Se abre la convocatoria para participar de la Fiesta de las ...;https://www.guaymallen.gob.ar/se-abre-la-convocatoria-para-participar-de-la-fiesta-de-las-colectividades-2025/;23 sept 2025 ... Se abre la convocatoria para participar de la Fiesta de las Colectividades 2025 · El encuentro que reúne a miles de mendocinos y turistas se ...
PRODUCCIÓN : Prensa Gobierno de Mendoza;https://www.mendoza.gov.ar/prensa/produccion/;Fondo Compensador Agrícola: hasta el 5 de setiembre hay tiempo para adherirse · NOTICIA DESTACADA 3 DE SEPTIEMBRE, 2025. El Ministerio de Producción ─a través ...
Sé parte del Primer Congreso Nacional de Educación y Malvinas;https://www.umaza.edu.ar/se-parte-del-primer-congreso-nacional-educacion-y-malvinas;22 sept 2025 ... Del 17 al 18 de octubre de 2025, Mendoza será escenario del Primer ... Durante el encuentro, los participantes tendrán la oportunidad ...
TRANSICIÓN ENERGÉTICA : Prensa Gobierno de Mendoza;https://www.mendoza.gov.ar/prensa/energia-y-ambiente/energia-y-mineria/transicion-energetica/;Taller gratuito sobre reporte de emisiones de gases de efecto invernadero · ENERGÍA Y AMBIENTE 1 DE SEPTIEMBRE, 2025 ... Con tres encuentros en el Sur, Mendoza ...
El Comecoco 2025 tiene a Ángel Mestres como protagonista ...;https://www.mendoza.edu.ar/el-comecoco-2025-tiene-a-angel-mestres-como-protagonista/;8 sept 2025 ... El reconocido gestor cultural español Ángel Mestres llega a Mendoza para ser parte del encuentro y dictará talleres sobre sostenibilidad e ...
Estudiantes participaron de la Expo Foro 2025 Mendoza Industrial ...;https://www.mendoza.edu.ar/expo-foro-2025-mendoza-industrial/;2 sept 2025 ... Hay que informarse sobre esta formación que es muy necesaria”. Expo Foro 2025 Mendoza Industrial: producción sostenible. El encuentro está ...
9 septiembre, 2025 – mendoza.edu.ar;https://www.mendoza.edu.ar/2025/09/09/;9 sept 2025 ... La segunda edición del Encuentro Provincial de Teatro Breve “Experiencias Escénicas en Contexto, organizada por Coordinación de Educación ...
Guaymallén, sede del Bootcamp Empresarial: más de 650 ...;https://www.guaymallen.gob.ar/guaymallen-sede-del-bootcamp-empresarial-mas-de-500-participantes-participan-del-encuentro-que-promueve-la-profesionalizacion/;5 sept 2025 ... ... primera vez se realiza en Mendoza y ofrece una innovadora propuesta de capacitación basada en las metodologías de la NASA, Disney y Toyota.
Comienza el Comecoco 2025: una la cita para la creatividad en ...;https://www.unidiversidad.com.ar/se-viene-comecoco-2025-la-cita-anual-para-la-creatividad-en-mendoza;9 sept 2025 ... El Encuentro de Industrias Creativas de Mendoza transita su sexta edición. La programación está diseñada para promover el desarrollo del ...
1º Encuentro Federal de Urban Sketchers Argentina;https://camza.org.ar/1o-encuentro-federal-de-urban-sketchers-argentina/;15 sept 2025 ... Pablo Acosta (Mendoza) Acuarela – “Atmósfera urbana” · Carlos Barocelli (Rosario) Acuarela – “La figura humana en el croquis urbano” · Bruno ...
CULTURA : Prensa Gobierno de Mendoza;https://www.mendoza.gov.ar/prensa/educacion-cultura-infancias-dge/cultura/;El Encuentro de Industrias Creativas de Mendoza será desde el miércoles 10 ... La ciudad de Buenos Aires vibra al compás del 2×4 con la edición 2025 del Tango BA ...
"Presentaron RADAR UNCUYO en el encuentro ""Redes de Gobierno ...";https://www.uncuyo.edu.ar/vinculacion/presentaron-radar-uncuyo-en-el-encuentro-redes-de-gobierno-y-ciudades-inteligentes-2025;23 sept 2025 ... Presentaron RADAR UNCUYO en el encuentro “Redes de Gobierno y Ciudades Inteligentes 2025” ... Centro Universitario, Ciudad de Mendoza.
16 septiembre, 2025 – mendoza.edu.ar;https://www.mendoza.edu.ar/2025/09/16/;16 sept 2025 ... Memorándum 235-Primaria.Segundo Encuentro virtual, Liderar la mejora (2025). Dirigido a: ○ Inspección Técnica General ○ Inspecciones ...
La Astronomía se reúne en Mendoza: llega la 67ª edición de la RAAA;https://um.edu.ar/noticias/la-astronomia-se-reune-en-mendoza-llega-la-67a-edicion-de-la-raaa/;12 sept 2025 ... El encuentro se llevará a cabo en el Centro de Congresos y Exposiciones “Dr. Emilio Civit”, ubicado en Av. Peltier 611, ofreciendo un ...
Charla en la Regional Este: Encuentro sobre nuestro Arbolado;https://camza.org.ar/charla-en-la-regional-este-encuentro-sobre-nuestro-arbolado/;11 sept 2025 ... ... Encuentro sobre el Arbolado, una charla abierta que se realizará ... Colegio de Arquitectos de Mendoza - Copyright © 2025. Ver Politica ...
17 septiembre, 2025 – mendoza.edu.ar;https://www.mendoza.edu.ar/2025/09/17/;17 sept 2025 ... Memorándum 200-Primaria. Segundo Encuentro Formativo- Programa «Queremos Aprender» (2025). Dirigido a: ○ Inspección Técnica General ...
En el Foro Industrial, Cornejo puso en valor la matriz productiva y la ...;https://www.mendoza.gov.ar/prensa/en-el-foro-industrial-cornejo-puso-en-valor-la-matriz-productiva-y-la-infraestructura-como-motores-del-crecimiento/;2 sept 2025 ... El Gobierno de Mendoza participa en el Foro Industrial Mendoza 2025 ... El encuentro reúne a empresas, cámaras, universidades y autoridades ...
EMETUR : Prensa Gobierno de Mendoza;https://www.mendoza.gov.ar/prensa/emetur/;Mendoza dijo presente en Hotelga 2025 · EMETUR 30 DE AGOSTO, 2025. Nuestra ... Por primera vez en San Rafael, este encuentro para pensar y disfrutar de ...
Juegos Nacionales de Adultos Mayores: los representantes ...;https://www.mendoza.gov.ar/prensa/juegos-nacionales-adultos-mayores-los-representantes-mendocinos-ya-se-encuentran-en-salta/;Juegos Nacionales de Adultos Mayores: los representantes mendocinos ya se encuentran en Salta. 1 DE SEPTIEMBRE, 2025. Una delegación de 55 comprovincianos ...
Felipe Pigna y Pedro Saborido vuelven a Mendoza con más ...;https://www.godoycruz.gob.ar/felipe-pigna-pedro-saborido-vuelven-mendoza-mas-historias-argentinas/;1 sept 2025 ... Ciertamente, será un encuentro con aquellas revoluciones, mitos y amores, que marcaron nuestra patria. En su espectáculo “Historias ...
19 septiembre, 2025 – mendoza.edu.ar;https://www.mendoza.edu.ar/2025/09/19/;19 sept 2025 ... ... encuentro interdisciplinario e inclusivo que fomenta la creatividad, el pensamiento crítico, y la motivación con la representación de una ...
La Casa de la Mirada 2025 cerró una semana dedicada a ...;https://www.ucongreso.edu.ar/la-casa-de-la-mirada-2025-cerro-una-semana-dedicada-a-arquitectura-y-territorio-en-la-universidad-de-congreso/;16 sept 2025 ... ... Mendoza), junto a la Arq. Cecilia Álvarez. Se abordaron las ... Mendoza: Último Encuentro del GAP 2025. La Universidad de Congreso, a ...
Llega la primera Expo Café Mendoza: un encuentro único para los ...;https://www.diariouno.com.ar/empresas/llega-la-primera-expo-cafe-mendoza-un-encuentro-unico-los-amantes-del-cafe-n1470471;1 sept 2025 ... Datos clave · Fecha: 18 y 19 de octubre de 2025 · Lugar: Espacio Arizu, Godoy Cruz, Mendoza · Horario: 10 a 21 horas · Entrada gratuita ...
Godoy Cruz será parte del 1° Encuentro Federal de Urban ...;https://www.godoycruz.gob.ar/godoy-cruz-sera-parte-del-1-encuentro-federal-urban-sketchers-argentina/;22 sept 2025 ... Pablo Acosta (Mendoza). Atmósfera Urbana. Fundamentos en la acuarela. Carlos Barocelli (Rosario). La figura humana en el croquis urbano ...
2 septiembre, 2025 – mendoza.edu.ar;https://www.mendoza.edu.ar/2025/09/02/;2 sept 2025 ... En el marco de las capacitaciones sobre Inteligencia Artificial, el próximo viernes 5 de septiembre se realizará el segundo encuentro, ...
El Espacio Arizu será el escenario de la sexta edición de la Expo ...;https://www.godoycruz.gob.ar/espacio-arizu-sera-escenario-la-sexta-edicion-la-expo-mendoceando/;Ciertamente, la Expo Mendoceando se consolida como un encuentro que ... y fortalece el trabajo de los talentos locales. septiembre 24, 2025. Más noticias.
¿Querés ser especialista en ciberdelitos?: comienza la segunda ...;https://www.mendoza.gov.ar/prensa/queres-ser-especialista-en-ciberdelitos-comienza-la-segunda-edicion-del-curso-internacional-con-clase-abierta-y-gratuita/;3 sept 2025 ... ... Mendoza como referente nacional en formación en ciberseguridad. La ... El encuentro estará abierto a todos los interesados y funcionará ...
8 septiembre, 2025 – mendoza.edu.ar;https://www.mendoza.edu.ar/2025/09/08/;8 sept 2025 ... La comunidad educativa del Jardín […] Encuentro interinstitucional del Programa Líderes de Asistencia: Primaria en Red fortalece a escuelas de ...
Festival Cultural Internacional. Septiembre 2025 - Universidad de ...;https://www.ucongreso.edu.ar/festival-cultural-internacional-septiembre-2025/;10 sept 2025 ... Asignaturas a cubrir Requisitos para […] Mendoza: Último Encuentro del GAP 2025. La Universidad de Congreso, a través de la Facultad de ...
Memorándum 16 Dir.Planificación.Rectificatoria Memorandum Nº 15 ...;https://www.mendoza.edu.ar/memorandum-16-dir-planificacion-rectificatoria-memorandum-no-15-informar-sobre-el-congreso-provincial-matematica-5-0/;29 sept 2025 ... Boletín oficial de Mendoza · Normativa de ... Rectificatoria Memorandum Nº 15 Informar sobre el Congreso Provincial Matemática 5.0 (2025) ...
La Casa de la Mirada 2025 - Universidad de Congreso ...;https://www.ucongreso.edu.ar/la-casa-de-la-mirada-2025/;9 sept 2025 ... Del 9 al 15 de septiembre en la Facultad de Ambiente, Arquitectura y Urbanismo (Universidad de Congreso, Colón 90 de Ciudad de Mendoza).
El 17 de septiembre se realizará el IV Congreso Provincial de ...;https://www.guaymallen.gob.ar/el-17-de-septiembre-se-realizara-el-iv-congreso-provincial-de-educacion-en-primera-infancia/;12 sept 2025 ... Universidad Nacional de Cuyo – BACT 7 y 8. Centro Universitario, Ciudad de Mendoza. Miércoles 17 de setiembre de 2025. Recepción y acreditación.
20° Congreso de Educación: Inclusión y Salud Mental en la Era ...;https://alvearmendoza.gob.ar/20-congreso-de-educacion-inclusion-y-salud-mental-en-la-era-digital/;22 sept 2025 ... General Alvear se prepara para vivir una nueva edición del Congreso de Educación, que este año abordará el eje “Educación inclusiva y salud ...
Becas y Oportunidades Internacionales - Universidad de Congreso ...;https://www.ucongreso.edu.ar/becas-y-oportunidades-internacionales/;15 sept 2025 ... Asignaturas a cubrir Requisitos para […] Mendoza: Último Encuentro del GAP 2025. La Universidad de Congreso, a través de la Facultad de ...
La Universidad de Mendoza reafirma su compromiso con la ...;https://um.edu.ar/noticias/la-universidad-de-mendoza-reafirma-su-compromiso-con-la-formacion-medica-y-la-prevencion-cardiovascular/;9 sept 2025 ... ... Mendoza durante el segundo semestre de 2025. Por un lado, del 2 al 4 de octubre se desarrollará el VI Congreso Interamericano de Prevención ...
Mendoza: Universidad Abierta 2026 - Universidad de Congreso ...;https://www.ucongreso.edu.ar/mendoza-universidad-abierta-2026/;Mendoza: Universidad Abierta 2026. 8 septiembre, 2025. Viví la experiencia de ser profesional. La Universidad de Congreso invita a estudiantes de colegios ...
Maipú fue sede del Congreso Nacional de Educación con docentes ...;https://www.maipu.gob.ar/maipu-fue-sede-del-congreso-nacional-de-educacion-con-docentes-de-toda-la-provincia/;10 sept 2025 ... ... Mendoza. Docentes, directivos, supervisores y estudiantes vinculados al mundo educativo participaron activamente del Congreso, fortaleciendo ...
Se ... - Consejo Profesional de Ciencias Económicas de Mendoza;https://cpcemza.org.ar/A6126_se-realizo-el-25o-congreso-nacional-de-profesionales-de-ciencias-economicas;05 de Setiembre de 2025. CPCE. Más de 1.400 profesionales de todo el país participaron en la primera jornada del 25° Congreso Nacional de Profesionales de ...
Estudiantes de la Facultad pueden inscribirse gratis a Congreso ...;https://educacion.uncuyo.edu.ar/estudiantes-de-la-facultad-pueden-inscribirse-gratis-a-congreso-tarpuy;"6 sept 2025 ... Los interesados en asistir deberán completar un formulario disponible en esta nota. 29 de agosto de 2025 ... El Congreso Nacional ""Tarpuy ..."
Becas y Beneficios Arancelarios 2026 - Universidad de Congreso ...;https://www.ucongreso.edu.ar/becas-y-beneficios-arancelarios-2026/;9 sept 2025 ... Becas y beneficios arancelarios 2025, los resultados se reflejarán a partir del 10 de abril en todos los medios digitales.
Apertura de la Diplomatura Universitaria en Liderazgo, Desarrollo y ...;https://www.ucongreso.edu.ar/apertura-de-la-diplomatura-universitaria-en-liderazgo-desarrollo-y-gestion-de-organizaciones-del-deporte/;"4 sept 2025 ... ... Congreso); del Decano de la Facultad de Ciencias Jurídicas, Dr. ... Mendoza: Último Encuentro del GAP 2025. La Universidad de Congreso, a ..."
El Tren de Capital Humano llegó a Mendoza : Prensa Gobierno de ...;https://www.mendoza.gov.ar/prensa/el-tren-de-capital-humano-llego-a-mendoza/;1 DE SEPTIEMBRE, 2025. Se trata de una iniciativa de medicina preventiva con profesionales de la Nación y la Provincia. El dispositivo móvil que presta ...
Beneficio: Matrícula Anticipada 2026 - Universidad de Congreso ...;https://www.ucongreso.edu.ar/beneficio-matricula-anticipada-2026/;9 sept 2025 ... Asignaturas a cubrir Requisitos para […] Mendoza: Último Encuentro del GAP 2025. La Universidad de Congreso, a través de la Facultad de ...
Introducción a la IA Generativa para Docentes Universitarios ...;https://www.ucongreso.edu.ar/introduccion-a-la-ia-generativa-para-docentes-universitarios/;17 sept 2025 ... ... Mendoza: Último Encuentro del GAP 2025. La Universidad de Congreso, a través de la Facultad de Ciencias de la Salud, invita a la comunidad ...
Invitan al VII Congreso Nacional de Ergonomía – Colegio de ...;https://colabogmza.com.ar/invitan-al-vii-congreso-nacional-de-ergonomia/;11 sept 2025 ... Emilio Civit, Sala Plumerillo, 2° piso, ubicado en Peltier 611, de Ciudad de Mendoza. La propuesta tiene como objetivo reunir a profesionales de ...
San Juan: Mes de la Psicopedagogía (2025) - Universidad de ...;https://www.ucongreso.edu.ar/san-juan-mes-de-la-psicopedagogia-2025/;10 sept 2025 ... Mendoza: Último Encuentro del GAP 2025. La Universidad de Congreso, a través de la Facultad de Ciencias de la Salud, invita a la comunidad ...
eCommerce GO Mendoza 2025 Entradas, Jue, 18 sep. 2025 a las ...;https://www.eventbrite.com.ar/e/ecommerce-go-mendoza-2025-tickets-1601350716099;Eventbrite - Cámara Argentina de Comercio Electrónico presenta eCommerce GO Mendoza 2025 - Jueves, 18 de septiembre de 2025 en Hilton Mendoza Hotel, ...
Acto de Presentación: Nuevas carreras 2026 en Villa Dolores ...;https://www.ucongreso.edu.ar/acto-de-presentacion-nuevas-carreras-2026-en-villa-dolores/;24 sept 2025 ... Mendoza: Último Encuentro del GAP 2025. La Universidad de Congreso, a través de la Facultad de Ciencias de la Salud, invita a la comunidad ...
Beca UC: Búsqueda del Mejor Egresado - Universidad de Congreso ...;https://www.ucongreso.edu.ar/beca-uc-busqueda-del-mejor-egresado/;8 sept 2025 ... Asignaturas a cubrir Requisitos para […] Mendoza: Último Encuentro del GAP 2025. La Universidad de Congreso, a través de la Facultad de ...
"Grupo de Apoyo en Psicoanálisis: Histeria/Obsesión; Sujeto en ...";https://www.ucongreso.edu.ar/grupo-de-apoyo-en-psicoanalisis-histeria-obsesion-sujeto-en-psicoanalisis-intro/;10 sept 2025 ... ... Mendoza: Último Encuentro del GAP 2025. La Universidad de Congreso, a través de la Facultad de Ciencias de la Salud, invita a la comunidad ...
Universidad de Congreso: ¿Cómo usar el logo de forma correcta ...;https://www.ucongreso.edu.ar/universidad-de-congreso-como-usar-el-logo-de-forma-correcta/;4 sept 2025 ... ... Congreso. 1) Qué logos están permitidos. ÚNICAMENTE la versión ... Mendoza: Último Encuentro del GAP 2025. La Universidad de Congreso, a ...
¡Reviví el MDA 2025 en nuestro canal de YouTube!;https://camza.org.ar/revivi-el-mda-2025-en-nuestro-canal-de-youtube/;9 sept 2025 ... Cada una de las conferencias, charlas y premiaciones del MDA ... Colegio de Arquitectos de Mendoza - Copyright © 2025. Ver Politica ...
Allasino inauguró en Potrerillos la 18ª Conferencia Anual de Redes ...;https://lujandecuyo.gob.ar/2025/09/18/allasino-inauguro-en-potrerillos-la-18a-conferencia-anual-de-redes-de-gobierno-y-ciudades-inteligentes/;18 Sep 2025. El intendente de Luján de Cuyo, Esteban Allasino, inauguró la 18ª edición de la Conferencia Anual de Redes de Gobierno y Ciudades Inteligentes, ...
Luján de Cuyo será sede de la 18° edición de la Conferencia Anual ...;https://lujandecuyo.gob.ar/2025/09/12/lujan-de-cuyo-sera-sede-de-la-18-edicion-de-la-conferencia-anual-de-redes-de-gobierno-y-ciudades-inteligentes/;12 Sep 2025. Por segundo año consecutivo, el departamento albergará el reconocido evento internacional. El lugar asignado para esta edición es el Gran Hotel ...
"Conferencia ""Ordenamiento Territorial y Reducción del Riesgo de ...";https://ffyl.uncuyo.edu.ar/conferencia-ordenamiento-territorial-y-reduccion-del-riesgo-de-desastres-en-mendoza-argentina;"Conferencia ""Ordenamiento Territorial y Reducción del Riesgo de Desastres en Mendoza - Argentina"" ... Nov 17, 2025. imagen El Dr. Geoff Lindsey dará una ..."
PMI TOUR 2025 Nuevo Cuyo Andino Entradas, Fri, Sep 12, 2025 a ...;https://www.eventbrite.com.ar/e/pmi-tour-2025-nuevo-cuyo-andino-tickets-1557767256799;Eventbrite - PMI Nuevo Cuyo Argentina Chapter presenta PMI TOUR 2025 Nuevo Cuyo Andino - Friday, September 12, 2025 en Universidad de Aconcagua, Mendoza, ...
El Dr. Geoff Lindsey dará una conferencia en la FFyL - Facultad de ...;https://ffyl.uncuyo.edu.ar/el-dr-geoff-lindsey-dara-una-conferencia-en-la-ffyl;"12 sept 2025 ... Nombre de la conferencia. ""El ritmo en Inglés (English Rhythm)” ; Día, fecha y horario. Viernes 12 de septiembre de 2025, a las 11:00. ; Modalidad."
Semana de la Odontología Latinoamericana 2025 - Facultad de ...;https://www.fodonto.uncuyo.edu.ar/semana-odonto-2025;"Jornadas Científicas de actualización – Ciclo de cursos y conferencias: Conferencia para alumnos; Docentes y público en general ... Mendoza, Argentina'."
Mostrá tu investigación al mundo: UR Inspiración 2025 - Investigación;https://www.uncuyo.edu.ar/ciencia_tecnica_y_posgrado/urinspiration2025;... Conferencia Internacional de Jóvenes Investigadores UR Inspiration / Inspiración (Undergraduate Research Inspiration). Será el jueves 23 de octubre de 2025 ...
Normativa Concurso Jerarquía Directiva 2024-2025 – Página 8 ...;https://www.mendoza.edu.ar/normativa-concurso-jerarquia-directiva-2024-2025/8/;Conferencias · Elección de jurados · Casos · Sobre el Concurso · Competencias · Programa · Bibliografía · Normativa ... MENDOZA GOBIERNO · Facebook-f Instagram ...
Luján de Cuyo cerró con éxito la 18° Conferencia Anual de Redes ...;https://lujandecuyo.gob.ar/2025/09/19/lujan-de-cuyo-cerro-con-exito-la-18-conferencia-anual-de-redes-de-gobiernos-y-ciudades-inteligentes/;19 Sep 2025. El departamento volvió a ser sede de uno de los encuentros más relevantes de la región en materia de innovación digital y gestión pública ...
Archivo : Prensa Gobierno de Mendoza;https://www.mendoza.gov.ar/prensa/archivo/;3 sept 2025 ... EDUCACIÓN, CULTURA, INFANCIAS, DGE. 3 DE SEPTIEMBRE, 2025. Directivos de Secundaria Orientada de la zona Sur analizaron proyectos y próximas ...
Lic. Pilar Sordo en el Poliderpotivo Deportistas Alvearenses ...;https://www.eventbrite.com.ar/e/lic-pilar-sordo-en-el-poliderpotivo-deportistas-alvearenses-tickets-1512890910439;... 2025 en Polideportivo Deportistas Alvearenses, General Alvear, Mendoza. Encontrá información sobre el evento y ... Conferencias · Eventos corporativos ...
Se invita a estudiantes a participar de la conferencia del Arq ...;https://ingenieria.uncuyo.edu.ar/se-invita-a-estudiantes-a-participar-de-la-conferencia-del-arq-luciano-intile;Dic 5, 2025. Facultad de Ingeniería. » Centro Universitario » M5502JMA. Mendoza, Argentina. Tel: +54 261 4494002 · Facebook Youtube LinkedIn Instagram.
La UNCUYO, partícipe y protagonista en la Expo Foro Industrial ...;https://www.uncuyo.edu.ar/prensa/la-uncuyo-participe-y-protagonista-en-la-expo-foro-industrial-mendoza-2025;5 sept 2025 ... La Universidad Nacional de Cuyo (UNCUYO) fue coorganizadora de la Expo Foro Industrial Mendoza 2025: Producción Sostenible, el mega evento ...
Actividades programadas;https://ffyl.uncuyo.edu.ar/upload/a75af90fd59d8c9fe194254b7e076751.pdf;10 sept 2025 ... conferencia y canal de Youtube. Mesas presenciales y. Mesas virtuales mediante ... https://mendoza.tur.ar/listings/gran-mendoza/alojamientos/.
GOBERNACIÓN : Prensa Gobierno de Mendoza;https://www.mendoza.gov.ar/prensa/gobernacion/;El Gobierno de Mendoza impulsa obras de infraestructura turística en toda la provincia · GOBERNACIÓN 3 DE SEPTIEMBRE, 2025. Se trata de un programa de ...
General Alvear se prepara para una Fiesta de la Cerveza histórica ...;https://alvearmendoza.gob.ar/general-alvear-se-prepara-para-una-fiesta-de-la-cerveza-historica/;9 sept 2025 ... Durante la conferencia, el intendente Alejandro Molero resaltó la ... Mendoza. Incluso, hay micros que vienen desde otras provincias ...
PROMENDOZA : Prensa Gobierno de Mendoza;https://www.mendoza.gov.ar/prensa/promendoza/;Nueces y vinos mendocinos se comercializarán desde el “hub” de Santa Catarina, en Brasil · NOTICIA DESTACADA 3 DE SEPTIEMBRE, 2025. Esos productos locales ...
ENERGÍA Y AMBIENTE : Prensa Gobierno de Mendoza;https://www.mendoza.gov.ar/prensa/energia-y-ambiente/;AMBIENTE 3 DE SEPTIEMBRE, 2025. El operativo de Hidráulica comenzará a las 8. Se recomienda no acercarse a las márgenes del río Mendoza, por los.
MDA 2025 : EXPERIENCIAS EN ARQUTECTURA Entradas, Mie, 3 ...;https://www.eventbrite.com.ar/e/mda-2025-experiencias-en-arqutectura-tickets-1538180702889;Eventbrite - Colegio de Arquitectos de Mendoza - CAMZA presenta MDA 2025 : EXPERIENCIAS EN ARQUTECTURA - Miércoles, 3 de septiembre de 2025 en Nave Cultural ...
Prensa Gobierno de Mendoza GOBIERNO, INFRAESTRUCTURA ...;https://www.mendoza.gov.ar/prensa/gobierno-infraestructura-desarrollo-territorial/;Defensa del Consumidor advierte sobre cobros indebidos en bancos y servicios financieros · GOBIERNO, INFRAESTRUCTURA, DESARROLLO... 3 DE SEPTIEMBRE, 2025. La ...
Más de 120 mendocinos accederán a capacitaciones estratégicas ...;https://www.mendoza.gov.ar/prensa/mas-de-120-mendocinos-accederan-a-capacitaciones-estrategicas-en-oficios-de-alta-demanda/;2 sept 2025 ... En el marco de la Semana de la Industria y de la Expo y Foro Industrial Mendoza 2025: Producción Sostenible, el ministro de Producción ...
Comienza el II Coloquio Nacional Literatura Argentina del Siglo XIX ...;https://ffyl.uncuyo.edu.ar/comienza-el-ii-coloquio-nacional-literatura-argentina-del-siglo-xix;Se realizará desde el lunes 21 al viernes 25 de abril de 2025, de 15:00 a 20:00. Tendrá modalidad presencial, mediada por plataforma de videoconferencia.
Estudiantes que investigan podrán inscribirse en conferencia ...;https://educacion.uncuyo.edu.ar/estudiantes-que-investigan-podran-inscribirse-en-conferencia-internacional;19 sept 2025 ... Nov 20, 2025. Facultad de Educación. Sede Campus: Centro Universitario, Ciudad de Mendoza, Argentina CCM5500JMA Sede Centro: Sobremonte 81 ...
Estudiantes participaron en la Expo y Foro 2025 Mendoza Industrial ...;https://www.mendoza.gov.ar/prensa/estudiantes-participaron-de-la-expo-foro-2025-mendoza-industrial-produccion-sostenible/;2 sept 2025 ... Se desarrolla del 2 al 4 de setiembre en el Espacio Cultural Julio Le Parc, e integra la Décima Expo Metalmecánica, el Segundo Foro de ...
Vargas Arizu participó en el Panel de Políticas Públicas para el ...;https://www.mendoza.gov.ar/prensa/vargas-arizu-participo-del-panel-de-politicas-publicas-para-el-desarrollo-en-la-expo-foro-2025-mendoza-industrial/;2 sept 2025 ... La actividad formó parte de la agenda oficial de la Expo y Foro 2025 Mendoza Industrial, que reunió a empresas, cooperativas, instituciones ...
Guaymallén, sede de la Expo Foro 2025: Cornejo y Calvente ...;https://www.guaymallen.gob.ar/guaymallen-sede-de-la-expo-foro-2025-cornejo-y-calvente-pusieron-a-la-industria-en-el-centro-de-la-agenda-productiva/;2 sept 2025 ... El intendente Marcos Calvente destacó a Guaymallén como motor industrial de Mendoza, mientras que el gobernador Alfredo Cornejo llamó a ...
Mini galería POP UP: 3era expo de proyectos seleccionados 2025;https://camza.org.ar/mini-galeria-pop-up-3era-expo-de-proyectos-seleccionados-2025/;12 sept 2025 ... La Comisión de Cultura y Extensión del Colegio de Arquitectos de Mendoza (CAMZA) invita a todos los profesionales de la arquitectura y ...
Expo Foro 2025: más de 300 pymes de Mendoza conectaron con ...;https://ecocuyo.com/nota/149103/expo-foro-2025-mas-de-300-pymes-de-mendoza-conectaron-con-las-principales-empresas-de-argentina/;17 sept 2025 ... Se reunieron con referentes de grandes empresas nacionales e internacionales en dos jornadas enmarcadas en la Expo Foro 2025 Mendoza ...
Consejo Profesional de Ciencias Económicas de Mendoza ...;https://cpcemza.org.ar/A6114_convocatoria-abierta-para-el-43-salon-de-pintura-del-cpce-mendoza;01 de Setiembre de 2025. CPCE. El Consejo Profesional de Ciencias Económicas de Mendoza invita a participar del 43° Salón de Pintura, certamen que desde hace ...
"Este martes comienza la ""Expo y Foro Industrial Mendoza 2025 ...";https://mendoza.puntoapunto.com.ar/este-martes-comienza-el-expo-y-foro-industrial-mendoza-2025-produccion-sostenible-aqui-el-programa-completo/;1 sept 2025 ... Habrá paneles con expertos, rondas de negicios, exposición de productos y charlas para jóvenes. El encuentro está organizado de manera conjunta ...
La Feria del Libro 2025 recorrerá algunos departamentos de Mendoza;https://www.mendoza.edu.ar/la-feria-del-libro-2025-recorre-los-departamentos-de-mendoza/;Apertura. Plaza San Martín de La Consulta, a las 9.30. Exposición y venta de libros y artesanías, de 9.30 a 21. Obra de teatro infantil ...
Archivo : Prensa Gobierno de Mendoza;https://www.mendoza.gov.ar/prensa/archivo/page/3/;NOTICIA DESTACADA. 2 DE SEPTIEMBRE, 2025. Vargas Arizu participó en el Panel de Políticas Públicas para el Desarrollo, en la Expo y Foro 2025 Mendoza ...
LA PAZ PREPARA LA 2 EDICIÓN DE SU EXPO CAPRINA DEL ESTE;https://lapazmendoza.gob.ar/2025-sep-la-paz-prepara-la-segunda-edicion-de-su-expo-caprina-del-este/;9 sept 2025 ... Luego de la primera edición en 2024, el Portal de Mendoza vuelve a apostar al sector productivo de caprinos de la zona Este.
Archivo : Prensa Gobierno de Mendoza;https://www.mendoza.gov.ar/prensa/archivo/page/259/;NOTICIA DESTACADA. 5 DE MARZO, 2025. Foro de Inversiones y Negocios 2025: Mendoza firmará importantes acuerdos para fomentar la generación de empleo genuino ...
NOTICIA DESTACADA : Prensa Gobierno de Mendoza;https://www.mendoza.gov.ar/prensa/noticia-destacada/;Nueces y vinos mendocinos se comercializarán desde el “hub” de Santa Catarina, en Brasil · NOTICIA DESTACADA 3 DE SEPTIEMBRE, 2025. Esos productos locales ...
La muestra jurásica más grande de Latinoamérica llegó a Mendoza ...;https://www.mendovoz.com/eskpe/2025/9/22/la-muestra-jurasica-mas-grande-de-latinoamerica-llego-mendoza-161771.html;22 sept 2025 ... Más de 50 dinosaurios en tamaño real, espacios interactivos y un imperdible recorrido guiado. Todos los días en Portal Los Andes.
FERIA DEL LIBRO DE SAN RAFAEL 2025: GRILLA COMPLETA ...;https://www.sanrafael.gov.ar/feriadellibro2025/;24 sept 2025 ... VIERNES 26. Acto de apertura. Centro de Congresos y Exposiciones Alfredo Bufano. Sala Coirones, a las 15. Taller de Cuentacuentos para niños, ...
Denunció que le robaron sus iPhone en la Expo y Foro Industrial ...;https://www.elsol.com.ar/policiales/denuncio-que-le-robaron-sus-iphone-en-la-expo-y-foro-industrial-mendoza-2025/;4 sept 2025 ... Denunció que le robaron sus iPhone en la Expo y Foro Industrial Mendoza 2025. Una mujer detalló que le sustrajeron una computadora y el celular, ...
OPEN WEEK 2025: La Facultad de Ingeniería te invita a vivir la ...;https://um.edu.ar/noticias/open-week-2025-la-facultad-de-ingenieria-te-invita-a-vivir-la-ingenieria-en-accion/;2 sept 2025 ... La Facultad de Ingeniería de la Universidad de Mendoza en su Sede San Rafael tiene el agrado de invitar a estudiantes, docentes, ...
Bienvenido a La Paz Municipio;https://lapazmendoza.gob.ar/;Página oficial del Municipio de La Paz, cuyo centro cívico se encuentra ubicado en calle Belgrano y Galigniana 5590, Villa Cabecera La Paz, Mendoza, ...
40 años de los Kioscos: inaugurarán una muestra con más de 400 ...;https://www.maipu.gob.ar/40-anos-de-los-kioscos-inauguraran-una-muestra-con-mas-de-400-fotos-aportadas-por-vecinos/;24 sept 2025 ... Este miércoles comenzarán las actividades por los 40 años de los Kioscos de Maipú y la Municipalidad inaugurará un espacio de historias y ...
Feria Internacional del Libro de Mendoza 2025 - EDIFYL;https://ffyl.uncuyo.edu.ar/edifyl/feria-del-libro-de-mendoza;La Feria Internacional del Libro de Mendoza 2025 se llevará a cabo entre el 25 de septiembre y el 5 de octubre en el Espacio Cultural Julio Le Parc.
Mendociencia 2025: la ciencia y la tecnología como bases para el ...;https://fcen.uncuyo.edu.ar/mendociencia-2025-ciencia-y-la-tecnologia-como-bases-para-el-futuro-soberano;23 sept 2025 ... La Facultad de Ciencias Exactas y Naturales llevará a cabo una nueva edición de esta muestra interactiva destinada a estudiantes de los ...
La Expo Edu-Innova regresa a Godoy Cruz con su segunda edición ...;https://www.godoycruz.gob.ar/la-expo-edu-innova-regresa-godoy-cruz-segunda-edicion/;16 sept 2025 ... Programación, robótica y tecnologías emergentes serán protagonistas en el Espacio Arizu el próximo 2 de octubre. La entrada es libre y ...
Anotate HOY y estudiá Mantenimiento e Instalaciones Industriales ...;https://itu.uncuyo.edu.ar/anotate-hoy-y-estudia-mantenimiento-e-instalaciones-industriales-en-el-itu-uncuyo;Si tu lugar de residencia es el Valle de Uco, Mendoza, te contamos que está abierta la instancia para preinscribirte e ingresar a estudiar la Tecnicatura ...
Invitan a seminario sobre Economía Circular en las Agroindustrias ...;https://ingenieria.uncuyo.edu.ar/invitan-a-seminario-sobre-economia-circular-en-las-agroindustrias-regionales;5 sept 2025 ... El objetivo del seminario organizado por organizado por Alumni Club DAAD Mendoza ... 2025. El evento cuenta con financiamiento del DAAD, a ...
Lanzan seis seminarios de posgrado destinados a mejorar la ...;https://fcp.uncuyo.edu.ar/lanzan-seis-seminarios-de-posgrado-destinados-a-mejorar-la-gestion-publica;22 sept 2025 ... Los seminarios se desarrollarán entre septiembre y diciembre de 2025 en modalidad virtual sincrónica, permitiendo el acceso a interesados/as ...
Seminario permanente de Filosofía Jurídica: diálogo con Guillermo ...;https://um.edu.ar/noticias/seminario-permanente-de-filosofia-juridica-dialogo-con-guillermo-martinez-sobre-crimenes-logica-y-derecho/;8 sept 2025 ... La actividad es gratuita, con inscripción previa por formulario online. El encuentro se realizará el miércoles 24 de septiembre de 2025, ...
Defensa de Seminario de Investigación a cargo de Lautaro ...;https://fcen.uncuyo.edu.ar/defensa-de-seminario-de-investigacion-a-cargo-de-lautaro-francisco-jardel-faragasso;17 sept 2025 ... FCEN - Facultad de Ciencias Exactas y Naturales ... » Padre Jorge Contreras 1300. Parque General San Martín. » M5502JMA. Mendoza, Argentina » ...
Pompeyo Audivert dictará un seminario de actuación en el Espacio ...;https://www.elsol.com.ar/cultura/pompeyo-audivert-dictara-un-seminario-de-actuacion-en-el-espacio-cultural-julio-le-parc/;18 sept 2025 ... Dentro de los eventos de la Feria del Libro 2025, el actor y dramaturgo Pompeyo Audivert brindará en el Julio Le Parc una clínica de ...
"Seminario del Dr. Alfried Längle: ""Ser si mismo Autoestima ...";https://www.uda.edu.ar/index.php/ser-si-mismo-autoestima-autoaprobacion-auto-seguridad-como-prevencion-y-terapia-de-sintomas-impostor;"DURACIÓN. 20 h ; CONTENIDOS. 1 unidad ; MODALIDAD. Híbrido ; INICIO. 13 y 14 de noviembre 2025 ; TÍTULO DE POSGRADO. Certificado de Asistencia."
Filo hace territorio - Mendoza;https://ffyl.uncuyo.edu.ar/filo-hace-territorio;Conocé todas las propuestas. 01 de septiembre de 2025. Compartir ... Los proyectos podrán presentarse en formato de curso, taller o seminario, ...
Antropología Filosófica. Textos y problemas II: ¿piensa la ...;https://ffyl.uncuyo.edu.ar/antropologia-filosofica-textos-y-problemas-ii-piensa-la-inteligencia-artificial;24 sept 2025 ... Textos y problemas II: ¿piensa la Inteligencia Artificial? Se desarrollará los días jueves 09, 16, 23 y 30 de octubre de 2025, de 10:00 a 13:00.
Seminario Taller “Ecología de la Mente: Bases Epistemológicas en ...;https://www.uda.edu.ar/index.php/seminario-taller-ecologia-de-la-mente-bases-epistemologicas-en-la-tesis-de-posgrado;Este perfil apunta a directores de tesis, investigadores y estudiantes de posgrado que buscan fortalecer sus competencias para acompañar procesos de ...
Luján de Cuyo será sede del Campeonato Latinoamericano de ...;https://lujandecuyo.gob.ar/2025/09/18/lujan-de-cuyo-sera-sede-del-campeonato-latinoamericano-de-enduro/;18 sept 2025 ... ... internacional y, sobre todo, que Mendoza reciba por primera vez esta competencia. Estos eventos no solo nos posicionan en la agenda deportiva ...
¿Por qué Filo se destacará en la Feria Internacional del Libro de ...;https://ffyl.uncuyo.edu.ar/por-que-filo-se-destaca-en-la-feria-internacional-del-libro-de-mendoza-2025;21 sept 2025 ... ¿Por qué Filo se destacará en la Feria Internacional del Libro de Mendoza 2025? ... La segunda parte de este evento estará dedicada a la ...
Mendocinos al Mundial 2026: cuáles son las opciones para viajar;https://www.elsol.com.ar/mendoza/mendocinos-al-mundial-2026-cuales-son-las-opciones-para-viajar/;10 sept 2025 ... El torneo tendrá su partido inaugural el 11 de junio de 2026 en el mítico Estadio Azteca de Ciudad de México cuya capacidad es de 80.000 ...
¡Un gran éxito: así se vivió Mundo Universitario 2025 en Mendoza!;https://uca.edu.ar/es/noticias/un-gran-exito-asi-se-vivio-mundo-universitario-2025-en-mendoza;11 sept 2025 ... Además contamos con charlas de estudiantes de años avanzados, que realizaron intercambios federales e internacionales. Los asistentes pudieron ...
"Miles de jóvenes vibraron con el ""Mood Primavera"" - Prensa UNCUYO";https://www.uncuyo.edu.ar/prensa/miles-de-jovenes-vibraron-con-el-mood-primavera;20 sept 2025 ... Con shows artísticos de alto nivel, las bandas mendocinas más convocantes sonaron hasta la medianoche. Lo organizó Cultura de Mendoza y ...
¡No te podés perder la nueva edición de la Feria del Libro Mendoza!;https://www.umaza.edu.ar/se-viene-la-feria-del-libro-2025;22 sept 2025 ... 5 de octubre, las puertas del Espacio Cultural Julio Le Parc se abren para compartir la Feria del Libro de Mendoza 2025. ... evento que celebra la ...
Gala UCA 2025;https://uca.edu.ar/es/gala-uca-2025;EVENTO DE RECAUDACIÓN. Lunes 29 de septiembre de 2025 - 19:30hs. Auditorio San Juan Pablo II - Edificio San José. Campus Papa Francisco. Av. Alicia M. de ...
Mundialito 2026: Mendoza capital internacional del fútbol infantil;https://www.diariouno.com.ar/sociedad/mundialito-2026-mendoza-capital-internacional-del-futbol-infantil-n1482341;30 sept 2025 ... El torneo de fútbol infantil más grande del planeta avanza en su organización y prepara todo para que Mendoza se vista de fiesta entre el 4 ...
Simposio LUZ 2025 - Facultad de Ingeniería;https://ingenieria.uncuyo.edu.ar/cursos/item/simposio-luz-2025;10 sept 2025 ... Eliana Bormida y la Diseñadora de Iluminación Arq. Eli Sirlin. Cursado. Centro Científico Tecnológico CONICET Mendoza. Destinatarios.
XII° Simposio de ADEISE (Asociación de Estudios Interdisciplinarios ...;https://ffyl.uncuyo.edu.ar/xii-simposio-de-adeise-asociacion-de-estudios-interdisciplinarios-sobre-europa-las-monarquias-europeas-en-perspectiva-mundial-origen-apogeo-y-decadencia;Esta reunión periódica nacional se realizará los días 29, 30 y 31 de octubre de 2025, de 09:00 a 20:00, en la Facultad de Filosofía y Letras UNCUYO.
XII° SIMPOSIO DE ADEISE Las monarquías europeas en ...;https://ffyl.uncuyo.edu.ar/upload/411fa5bd5fbd55ff67a2b1053ad743e0.pdf;Origen, apogeo y decadencia. 29, 30 y 31 de octubre de 2025. Modalidad: presencial. Lugar: Facultad de Filosofía y Letras – Mendoza. 2ª Circular. Page 2. Europa ...
La UNCUYO vuelve a marchar en defensa de la universidad pública ...;https://ffyl.uncuyo.edu.ar/la-uncuyo-vuelve-a-marchar-en-defensa-de-la-universidad-publica;17 sept 2025 ... El recorrido de la marcha y más información, en la siguiente nota. 15 de septiembre de 2025. Compartir.
La flamante Especialización en Clínica Médica de la FCM se pone ...;https://fcm.uncuyo.edu.ar/la-flamante-especializacion-en-clinica-medica-de-la-fcm-se-pone-en-marcha;30 sept 2025 ... ... Mendoza, dan inicio el 1° de octubre a la Carrera de Especialización ... El 11 de agosto de 2025, el proyecto de Carrera de ...
Defienden tesis de la Maestría en Bioética que analiza la ...;https://fcm.uncuyo.edu.ar/defienden-tesis-de-la-maestria-en-bioetica-que-analiza-la-prescripcion-del-ejercicio-para-la-salud-en-mendoza;El trabajo de tesis, con el que Walter Darío Rosales cerrará su formación de posgrado, tendrá su defensa oral y pública el lunes 29 de septiembre, ...
Fechas, Lugar y Programa - Facultad de Ciencias Médicas de la ...;https://fcm.uncuyo.edu.ar/fecha-y-lugar;Fecha y Lugar del evento: Las Olimpíadas se celebrarán en el Gran Hotel Uspallata, entre el 07 y el 09 de noviembre de 2025.
El cuidado y empleo de animales de laboratorio será tema de un ...;https://fcm.uncuyo.edu.ar/el-cuidado-y-empleo-de-animales-de-laboratorio-sera-tema-de-un-curso-de-posgrado;Se trata de un curso virtual autogestionado que inscribe hasta el 13 de octubre. 24 de septiembre de 2025 ... Mendoza, Argentina. Tel: +54 261 4135000 · Facebook ...
Esclerosis Lateral Amiotrófica (ELA): salud, ciencia y comunidad ...;https://fcm.uncuyo.edu.ar/cursos/item/esclerosis-lateral-amiotrofica-ela-salud-ciencia-y-comunidad;Nº 129/2025 HU) y Asociación ELA Argentina. Facultad de Ciencias Médicas de la UNCUYO. » Centro Universitario » M5502JMA. Mendoza, Argentina. Tel: +54 261 ...
Medicina Tradicional China: enfoques complementarios en salud ...;https://fcm.uncuyo.edu.ar/cursos/item/medicina-tradicional-china-enfoques-complementarios-en-salud;"15 de octubre de 2025; Tipo: Jornada; Modalidad: Presencial; Duración: 4 horas y ... Mendoza, Argentina. Tel: +54 261 4135000 · Facebook Instagram · Suscripción ..."
Inscriben a un curso de posgrado de Bioestadística - Facultad de ...;https://fcm.uncuyo.edu.ar/inscriben-a-un-curso-de-posgrado-de-bioestadistica;La propuesta forma parte del trayecto estructurado del Doctorado en Ciencias Biológicas, que abre inscripciones cada año tanto a estudiantes con admisión ...
Nueva defensa de trabajo final integrador de la Especialización en ...;https://fcm.uncuyo.edu.ar/nueva-defensa-de-trabajo-final-integrador-de-la-especializacion-en-medicina-higiene-y-seguridad-del-trabajo9342;19 sept 2025 ... Celebramos la Colación de grado, pregrado y posgrado 2025. Oct 7 ... Mendoza, Argentina. Tel: +54 261 4135000 · Facebook Instagram.
Convenio con la Sociedad Dante Alighieri para realizar actividades ...;https://itu.uncuyo.edu.ar/convenio-con-la-sociedad-dante-alighieri-para-realizar-actividades-educativas-en-conjunto;De la reunión, que se realizó este martes 2 de septiembre de 2025 en la Sede Central Mendoza del ITU UNCUYO, participaron Mauricio Roncaglia, presidente de la ...
Luján de Cuyo firmó un convenio de cooperación con Puerto ...;https://lujandecuyo.gob.ar/2025/09/02/lujan-de-cuyo-firmo-un-convenio-de-cooperacion-con-puerto-madryn-para-potenciar-el-turismo-y-el-deporte/;2 sept 2025 ... ... 2025. La Municipalidad de Luján de Cuyo continúa consolidando su perfil como capital turística de Mendoza. En esta ocasión, el intendente ...
Consejo Profesional de Ciencias Económicas de Mendoza - El ...;https://cpcemza.org.ar/A6131_el-consejo-profesional-de-ciencias-economicas-de-mendoza-firmo-un-convenio-marco-junto-al-colegio-notarial-ipv-y-gobierno-provincial;16 de Setiembre de 2025. CPCE. El Consejo Profesional de Ciencias Económicas de Mendoza participó de la firma de un convenio marco junto al Colegio Notarial ...
La Feria del Libro 2025 ya está en marcha – mendoza.edu.ar;https://www.mendoza.edu.ar/la-feria-del-libro-2025-ya-esta-en-marcha/;26 sept 2025 ... La cita es en el Espacio Cultural Julio Le Parc, ubicado en Godoy Cruz y Mitre de Guaymallén. Además, la Feria del Libro llegará a los ...
Comienza la Feria del Libro de Mendoza 2025 - Unidiversidad;https://www.unidiversidad.com.ar/comienza-la-feria-del-libro-de-mendoza-2025;25 sept 2025 ... Este jueves se inauguró una nueva edición de la feria provincial, con stands, presentaciones de libros, talleres, charlas, invitados e invitadas ...
Memorándum 159-Dir.Planificación. Convocatoria Feria Provincial ...;https://www.mendoza.edu.ar/memorandum-159-dir-planificacion-convocatoria-feria-provincial-del-libro-2025/;2 sept 2025 ... Boletín oficial de Mendoza · Normativa de Argentina. Memorándum 159-Dir.Planificación. Convocatoria Feria Provincial del Libro 2025. Descripción.
Se aproxima la Feria del Libro 2025 en el Espacio Cultural Julio Le ...;https://www.mendoza.edu.ar/se-aproxima-la-feria-del-libro-2025-en-el-espacio-cultural-julio-le-parc/;16 sept 2025 ... La Subsecretaría de Cultura de Mendoza, dependiente del Ministerio de Educación, Cultura, Infancias y DGE, invita a participar en una nueva ...
Mendoza se prepara para recibir una nueva edición de la Feria del ...;https://www.mendoza.edu.ar/mendoza-se-prepara-para-recibir-una-nueva-edicion-de-la-feria-del-libro/;19 sept 2025 ... Durante once días, la Feria del Libro de Mendoza 2025 ofrecerá increíbles acciones culturales, entre ellas la presentación de nuevos títulos ...
Feria de Ciencias STEAM 2025: los proyectos que representarán a ...;https://www.mendoza.edu.ar/feria-de-ciencias-steam-2025-estan-los-proyectos-que-representaran-a-la-provincia-en-las-instancias-nacionales/;25 sept 2025 ... Finalmente, seis proyectos fueron distinguidos para representar a Mendoza en las instancias nacionales de la Feria de Ciencias. Los ...
Feria del Libro 2025: suspenden actividades por razones climáticas ...;https://www.mendoza.edu.ar/feria-del-libro-2025-suspenden-actividades-por-razones-climaticas/;26 sept 2025 ... ... Feria del Libro de Mendoza 2025. Asimismo, se cancelaron las actividades programadas en el mismo marco en San Martín. Mientras que en San ...
Memorándum 161-Dir. Planificación. Rectificatoria ME-159 – Feria ...;https://www.mendoza.edu.ar/memorandum-161-dir-planificacion-rectificatoria-m-159-feria-provincial-del-libro-mendoza-dibuja-sus-letras-2025/;3 sept 2025 ... Rectificatoria ME-159 – Feria Provincial del Libro-Mendoza dibuja sus letras (2025). Descripción. Dirigido a: ○ Dirección de Educación ...
La Feria del Libro 2025 sigue sumando experiencias en el Espacio ...;https://www.mendoza.edu.ar/la-feria-del-libro-2025-sigue-sumando-experiencias-en-el-espacio-cultural-julio-le-parc/;30 sept 2025 ... La Feria del Libro en Mendoza continúa ofreciendo jornadas intensas donde la literatura, la reflexión y la creatividad se combinan en charlas, ...
Memorándum 229-Sub.Educación. Link inscripción de actividades ...;https://www.mendoza.edu.ar/memorandum-229-sub-educacion-link-inscripcion-de-actividades-para-escuelas-en-la-feria-del-libro-2025/;17 sept 2025 ... Boletín oficial de Mendoza · Normativa de Argentina · Leyes ... Link inscripción de actividades para escuelas en la Feria del Libro (2025) ...
JUNÍN DIJO PRESENTE EN LA FERIA DEL LIBRO DE MENDOZA ...;https://www.juninmendoza.gov.ar/junin-dijo-presente-en-la-feria-del-libro-de-mendoza-2025/;29 sept 2025 ... La Municipalidad de Junín participó en la Feria del Libro de Mendoza 2025, con un evento destacado que tuvo lugar en el Polideportivo del ...
Guaymallén propone diversas actividades en la Feria del Libro 2025;https://www.guaymallen.gob.ar/guaymallen-propone-diversas-actividades-en-la-feria-del-libro-2025/;29 sept 2025 ... Estarán a cargo de la Biblioteca Almafuerte, el Espacio Teatral Municipal y el Taller de Escritura Creativa de Barrio Le Parc.
Novedades Feria de Ciencias STEAM – mendoza.edu.ar;https://www.mendoza.edu.ar/category/feria-de-ciencias-steam/feria-de-ciencias-steam-novedades/;Novedades Feria de Ciencias STEAM. Feria de Ciencias STEAM 2025: los proyectos que representarán a la provincia en las instancias nacionales. 25 septiembre, ...
Calvente participó de la inauguración de la Feria del Libro en el Le ...;https://www.guaymallen.gob.ar/calvente-participo-de-la-inauguracion-de-la-feria-del-libro-en-el-le-parc/;25 sept 2025 ... La Feria del Libro de Mendoza 2025 abrió oficialmente sus puertas en el Espacio Cultural Julio Le Parc de Guaymallén, con la participación ...
La escuela “Libertador Gral. José de San Martín” representó a San ...;https://www.mendoza.edu.ar/la-escuela-libertador-gral-jose-de-san-martin-represento-a-san-rafael-en-la-feria-del-libro-2025/;29 sept 2025 ... La institución de la Sección 29, se presentó como la única institución educativa de San Rafael en la Feria del Libro 2025, donde alumnos de ...
La obra “Festival del Camote. Origen y tradición” llega a la Feria del ...;https://www.guaymallen.gob.ar/la-obra-festival-del-camote-origen-y-tradicion-llega-a-la-feria-del-libro-de-mendoza-2025/;24 sept 2025 ... Origen y tradición” llega a la Feria del Libro de Mendoza 2025. El libro será presentado el domingo 28 de septiembre, a las 17:30h, en el ...
La UNCUYO presentará en la Feria del Libro de Mendoza una obra ...;https://www.uncuyo.edu.ar/prensa/la-uncuyo-presentara-en-la-feria-del-libro-de-mendoza-una-obra-inedita-de-liliana-bodoc;La cita es el martes 30 de septiembre, a partir de las 19. 25 de septiembre de 2025. Compartir.
Feria de Ciencias STEAM – mendoza.edu.ar;https://www.mendoza.edu.ar/category/feria-de-ciencias-steam/;Feria de Ciencias STEAM. 5 abril, 2025. Feria de Ciencias STEAM 2025 Una experiencia educativa para pensar, crear y compartir «Este espacio, concebido como un ...
El CEBJA Prof. Norma Susana Díaz participó en la Feria Provincial ...;https://www.mendoza.edu.ar/el-cebja-prof-norma-susana-diaz-participo-en-la-feria-provincial-steam-2025/;Norma Susana Díaz participó en la Feria Provincial STEAM 2025 ... el lector más destacado de Mendoza · Ver todo. +54 261 385 2768 – Teléfonos de interés DGE.
EDIUNC y la Librería Universitaria de feria en Mendoza - Secretaría ...;https://www.uncuyo.edu.ar/academica/ediunc-y-la-libreria-universitaria-de-feria-en-mendoza;Comienza el jueves 25 de septiembre en el Espacio Cultural Julio Le Parc. 24 de septiembre de 2025. Compartir.
NAVE UNCUYO Se viene la previa del Festival Dibujado 2025;https://nave.uncuyo.edu.ar/novedad/se-viene-la-previa-del-festival-dibujado-2025;12 sept 2025 ... Habrá una charla de “Animación independiente y streaming” además de una gran feria de stickers y un espacio para crear una animación colectiva.
“Festival del Camote. Origen y tradición” se presentó en la Feria del ...;https://www.guaymallen.gob.ar/festival-del-camote-origen-y-tradicion-se-presento-en-la-feria-del-libro-2025/;30 sept 2025 ... Origen y tradición”, en la Feria del Libro de Mendoza 2025. La obra, de creación colectiva, relata la historia de esta celebración que es un ...
Con sus 18 departamentos, Mendoza vuelve a la Feria Internacional ...;https://mendoza.puntoapunto.com.ar/con-los-18-departamentos-mendoza-vuelve-a-la-feria-internacional-de-turismo-en-buenos-aires/;26 sept 2025 ... Será del 27 al 30 de septiembre. Para la FIT 2025, la provincia ha preparado una importante agenda, gracias a la que se difundirán las ...
¡Relanzamiento de EDIFYL! - EDIFYL;https://ffyl.uncuyo.edu.ar/edifyl/relanzamiento-de-edifyl;imagen ¡Relanzamiento de EDIFYL! En el marco de la Feria Internacional del Libro de Mendoza de 2025, la primera parte del encuentro estará dedicada al ...
EMETUR : Prensa Gobierno de Mendoza;https://www.mendoza.gov.ar/prensa/emetur/page/9/;17 DE ABRIL, 2025. Paisajes, aire puro, montañas, gastronomía, excelentes vinos, música y danza en vivo y una feria para disfrutar en familia son... Mendoza ...
La Feria del Libro 2025 en números: 11 días, 6 departamentos y 15 ...;https://www.mdzol.com/sociedad/la-feria-del-libro-2025-numeros-11-dias-6-departamentos-y-15-invitados-especiales-n1343484;22 sept 2025 ... Con entrada libre y gratuita, el público podrá disfrutar de una gran variedad de actividades culturales. En la Feria del Libro de Mendoza 2025, ...
Tupungato, tu destino turístico: a la promoción turística que viene ...;https://tupungato.gov.ar/?p=49456;24 sept 2025 ... ... Feria Internacional del Turismo de América Latina 2025. septiembre 24 ... Mendoza Turismo: participación activa en iniciativas como Paisajes con ...
23 septiembre, 2025 – mendoza.edu.ar;https://www.mendoza.edu.ar/2025/09/23/;23 sept 2025 ... ... Mendoza, la escuela 4-043 Antonio Di […] La Feria del Libro 2025 recorrerá algunos departamentos de Mendoza. Desde el 26 de septiembre hasta ...
Arranca la Feria del Libro en Mendoza: horarios, actividades e ...;https://www.mdzol.com/sociedad/arranca-la-feria-del-libro-mendoza-horarios-actividades-e-invitados-n1345791;25 sept 2025 ... Este jueves arranca la Feria del Libro 2025 en Mendoza. Gobierno de Mendoza. Este jueves 25 de septiembre arranca una nueva edición de la Feria ...
Fernando Cossano – Página 17 – mendoza.edu.ar;https://www.mendoza.edu.ar/author/fernando/page/17/;La institución de la Sección 29, se presentó como la única institución educativa de San Rafael en la Feria del Libro 2025, donde alumnos de 7.º grado expusieron ...
Guaymallén se prepara para vivir el Mood Primavera: música ...;https://www.guaymallen.gob.ar/guaymallen-se-prepara-para-vivir-el-mood-primavera-musica-cultura-y-celebracion-en-el-predio-de-la-virgen/;"18 septiembre, 2025; Cultura y Turismo, Noticias ... Desde las 17 y hasta la medianoche habrá música en vivo, propuestas recreativas, feria de emprendedores ..."
Feria del Libro - MDZ Online;https://www.mdzol.com/temas/feria-del-libro-491.html;El artista se lució en el escenario de la Feria del Libro 2025 en San Carlos. Iván Noble. Iván Noble visitó Mendoza y sorprendió a los alumnos de una escuela.
25 septiembre, 2025 – mendoza.edu.ar;https://www.mendoza.edu.ar/2025/09/25/;Día: 25 de septiembre de 2025 · La escuela Pinto, protagonista en la sanción de la Ley de Compromiso Ambiental · Feria de Ciencias STEAM 2025: los proyectos ...
Feria de empleo 2025 - Sede Rosario;https://uca.edu.ar/es/eventos/feria-de-empleo-2025---sede-rosario;C.A.B.A.. Mendoza Uruguay 750, (M550AYH). Godoy Cruz, Mendoza Paraná Buenos Aires 239 (E3100BQF). Paraná, Entre Ríos Rosario Av. Pellegrini 3314 (S2002QEO) ...
EDUCACIÓN, CULTURA, INFANCIAS, DGE - Gobierno de Mendoza;https://www.mendoza.gov.ar/prensa/educacion-cultura-infancias-dge/;El sábado 6 y el domingo 7, de 10 a 18, se desarrollará la feria de café, pastelería y delicatesen en... Estudiantes participaron en la Expo y Foro 2025 Mendoza ...
Luján de Cuyo, protagonista del turismo mendocino en Hotelga 2025;https://lujandecuyo.gob.ar/2025/09/15/lujan-de-cuyo-protagonista-del-turismo-mendocino-en-hotelga-2025/;15 sept 2025 ... Mendoza volvió a decir presente en Hotelga 2025, el evento más ... La feria también fue escenario de logros mendocinos: el equipo del ...
26 septiembre, 2025 – mendoza.edu.ar;https://www.mendoza.edu.ar/2025/09/26/;Día: 26 de septiembre de 2025. Feria del Libro 2025: suspenden actividades por razones climáticas. El programa continuará mañana, sábado 27, ...
Agenda Cultural de Maipú – Fin de Semana del 4 al 7 de Septiembre;https://www.maipu.gob.ar/agenda-cultural-de-maipu-fin-de-semana-del-4-al-7-de-septiembre/;4 sept 2025 ... Feria del Productor a tu Mesa: Productos frescos y de calidad ... El Camino de las Peñas – Edición 2025: Festival en Bodega Atilio ...
